0,-1.0291418297958874,19
1,-1.0005626126904257,7
2,-1.0002400145247345,7
3,-1.039121021298276,19
4,-1.0509581241012231,14
5,-1.0199483849010373,14
6,-1.01698666209409,19
7,-1.0346647437258727,20
8,-1.0139581527649537,18
9,-1.030085034335769,18
10,-1.0275977265033793,15
11,-1.024989449370454,17
12,-1.0223874434365858,18
13,-1.021787934965449,17
14,-1.0220967863196668,17
15,-1.0238769344627416,17
16,-1.0220510690831228,18
17,-1.0282646797950483,15
18,-1.0335716545331273,18
19,-1.0244858961575944,15
20,-1.0250998315145274,17
21,-1.041736150652268,19
22,-1.0343591369821372,17
23,-1.0229127601693406,16
24,-1.0424312146974837,19
25,-1.0512246870971604,20
26,-1.0378825805717278,18
27,-1.0287057388326848,18
28,-1.0272497070562119,19
29,-1.0458711945658623,20
30,-1.0297052300348835,16
31,-1.0291740893050267,17
32,-1.0316794379693235,16
33,-1.037909732582831,19
34,-1.0335511315638053,17
35,-1.0503793011555185,21
36,-1.0459672168697103,20
37,-1.0463796740187368,20
38,-1.030806492690958,17
39,-1.0296406804977225,18
40,-1.0325759001340693,18
41,-1.043500402467853,19
42,-1.0294739570757991,18
43,-1.0281538480039294,17
44,-1.0294700539366053,17
45,-1.0268610568380765,19
46,-1.033679883218565,17
47,-1.0340028892024236,18
48,-1.030913977626135,17
49,-1.0297623632425228,20
50,-1.0572967922477399,20
51,-1.0473892583799127,19
52,-1.0474020967149689,20
53,-1.0321143497938658,16
54,-1.0440173717347616,19
55,-1.0295142593383848,17
56,-1.0228305726538198,16
57,-1.0491988836184998,19
58,-1.0361619985077344,18
59,-1.0470981751263857,20
60,-1.042771833217126,19
61,-1.0356216330483383,17
62,-1.0345350087413818,18
63,-1.037601846194203,17
64,-1.0473723365517076,21
65,-1.0479371710818122,20
66,-1.03376053785086,18
67,-1.044691170402038,19
68,-1.0450659401838835,21
69,-1.0254151025143832,17
70,-1.0398940978095064,20
71,-1.0394575497017926,19
72,-1.0306380441536207,17
73,-1.0440312658362074,20
74,-1.0429751643990313,20
75,-1.0459871847691884,20
76,-1.0422727831609184,19
77,-1.0479894649768366,20
78,-1.0418915784521734,19
79,-1.0363048678215558,19
80,-1.0404505427977317,19
81,-1.0290936553407488,19
82,-1.0527593140716205,21
83,-1.0287663579963053,20
84,-1.0248023701030173,19
85,-1.0191922961571838,18
86,-1.0278414414051686,20
87,-1.0413506306344,22
88,-1.0496137695100898,21
89,-1.024681587619772,20
90,-1.0244406997415438,20
91,-1.0332192938356428,21
92,-1.0445292722817625,22
93,-1.0313701731015172,20
94,-1.0235689577662632,18
95,-1.027753891190293,19
96,-1.0291597860003812,20
97,-1.0499501606956994,21
98,-1.04348540366434,20
99,-1.0324124217425763,21
100,-1.0401799002175935,21
101,-1.0182113313550543,20
102,-1.038017634002756,21
103,-1.0170229304192284,19
104,-1.0323559183236624,21
105,-1.03438381690015,21
106,-1.0478171593539514,22
107,-1.0364159220119713,21
108,-1.0481419061456758,21
109,-1.0407260496750315,22
110,-1.0453406690758766,23
111,-1.0446420108521226,21
112,-1.0260399879609012,20
113,-1.016519553153661,18
114,-1.052503936706854,22
115,-1.0021999801561252,9
116,-1.0248055122979183,20
117,-1.051385363394376,21
118,-1.0214562644747671,19
119,-1.0212181061693144,19
120,-1.0430268313208653,22
121,-1.0514937183818136,21
122,-1.0314745021067657,20
123,-1.0456745441786637,22
124,-1.0480810231454427,21
125,-1.0385924615096684,21
126,-1.0360295167623101,20
127,-1.0368003647586854,21
128,-1.0334374006869307,20
129,-1.0232798887491343,20
130,-1.0429711873946594,22
131,-1.027130733095036,20
132,-1.0400953349590003,21
133,-1.0450111954435743,21
134,-1.0474091760705762,22
135,-1.0257673367214593,19
136,-1.0495336372170248,23
137,-1.0405058633941882,22
138,-1.0472596378383483,22
139,-1.0420152987107743,21
140,-1.0351972448893656,21
141,-1.0337943143299413,21
142,-1.0384155186516602,22
143,-1.0247009640879343,20
144,-1.0474319925267168,22
145,-1.0198378582355259,19
146,-1.0357520077273668,22
147,-1.0314910703280618,21
148,-1.0508773624537227,22
149,-1.0305297107402824,21
150,-1.027283482899313,20
151,-1.024541526453598,20
152,-1.037329938483818,22
153,-1.0235874370613192,20
154,-1.0404042829140052,21
155,-1.0440205565566767,22
156,-1.0367124754322659,21
157,-1.0532789103483124,21
158,-1.0467604733233107,22
159,-1.017800751732873,19
160,-1.054829169895033,22
161,-1.044477792313134,21
162,-1.0315911830136697,20
163,-1.028308697962676,20
164,-1.0431702225070694,22
165,-1.0463770211557368,22
166,-1.0316492918620046,20
167,-1.0458711026930387,23
168,-1.0299686251216484,21
169,-1.0447313853141733,23
170,-1.0129184699782836,11
171,-1.046051180929452,23
172,-1.039292110226784,22
173,-1.0155807335050226,13
174,-1.0353441413597355,22
175,-1.0451049018350376,23
176,-1.049192781577233,23
177,-1.041940873580105,22
178,-1.01836196771499,13
179,-1.015577623630937,12
180,-1.0169292658600018,12
181,-1.0463527012845033,23
182,-1.0324598304054262,21
183,-1.0127185136041892,12
184,-1.044348928865478,22
185,-1.0130238420145723,12
186,-1.0447377761903305,23
187,-1.0313003732728059,21
188,-1.0194916695721865,13
189,-1.0100569232152947,11
190,-1.0118812200755718,12
191,-1.0413092882749597,23
192,-1.0414406855158842,23
193,-1.0187826426718598,13
194,-1.0309959450955466,21
195,-1.0582110465846188,23
196,-1.0129868956115782,12
197,-1.0397431364829706,23
198,-1.0122396784669898,12
199,-1.0216045442864659,13
200,-1.0437040030975784,22
201,-1.0202551679635483,13
202,-1.051258295677483,23
203,-1.0203178121722296,13
204,-1.0504097936789982,24
205,-1.0148760440426214,12
206,-1.0207401125322344,13
207,-1.0195140016866744,13
208,-1.0352867714339844,21
209,-1.0487256760172248,23
210,-1.0140956655516766,12
211,-1.0491752227966904,24
212,-1.0406591847294115,23
213,-1.0487649174345894,24
214,-1.0158892353005253,12
215,-1.0153349355653185,12
216,-1.0471237489086553,21
217,-1.0503190155372677,23
218,-1.0240463245678801,13
219,-1.0207027021270774,13
220,-1.0477310737037475,23
221,-1.0517831789240275,21
222,-1.021528407869977,13
223,-1.0479494698919236,23
224,-1.0415787864300905,22
225,-1.050906071983816,22
226,-1.0341395253933698,22
227,-1.050213168517077,24
228,-1.0446363837666872,22
229,-1.0529555389363703,22
230,-1.0514459783748118,22
231,-1.049303375500827,22
232,-1.043412925517516,21
233,-1.0510849999793497,22
234,-1.0363661076841875,21
235,-1.0549616131319721,22
236,-1.0314025618879608,21
237,-1.038777710151079,21
238,-1.0501040183760066,22
239,-1.053986326317114,22
240,-1.0485554144011218,23
241,-1.039745945548267,22
242,-1.0427167498684482,21
243,-1.0492511678103789,21
244,-1.0592340234060023,22
245,-1.0504150284007998,21
246,-1.04850911076682,22
247,-1.0552191986556252,22
248,-1.0488457703823049,22
249,-1.0476650996366272,21
250,-1.037996662799177,20
251,-1.0334545412408405,21
252,-1.0461345177326926,21
253,-1.0463207433139579,22
254,-1.045556313664066,22
255,-1.0508589313684342,21
256,-1.0542218734794437,23
257,-1.039601155025528,21
258,-1.0421086582405923,21
259,-1.0483745142507364,22
260,-1.0497837703447186,23
261,-1.0510418531031114,22
262,-1.0475236119177593,21
263,-1.0480777690869014,22
264,-1.0481859458723608,22
265,-1.0517479727672558,21
266,-1.0527399758046734,22
267,-1.04181256577448,22
268,-1.052400492206556,21
269,-1.0493034848199272,22
270,-1.0522673226859989,22
271,-1.058055845451958,22
272,-1.0433611510096725,22
273,-1.051400745529759,22
274,-1.0513734209663077,22
275,-1.0517954184097855,22
276,-1.0513432136936254,22
277,-1.0452072552213156,22
278,-1.050028295408661,21
279,-1.0484122772121278,22
280,-1.0609789562022185,22
281,-1.041748901477037,21
282,-1.0281412643235064,21
283,-1.0519520862635237,22
284,-1.0551478941357824,22
285,-1.0517552317589327,21
286,-1.0521686624565774,22
287,-1.0580784433669643,23
288,-1.036166680419636,21
289,-1.0400930011146492,22
290,-1.05355191432402,22
291,-1.0432692517108086,21
292,-1.0255271600113036,20
293,-1.0551542890511068,22
294,-1.0605274538103726,23
295,-1.0490257356657189,22
296,-1.0533093582539514,22
297,-1.0552743405032874,22
298,-1.0487425552506187,22
299,-1.0563478378698157,22
300,-1.0620343794862481,23
301,-1.0449460216486226,22
302,-1.0472849034719962,21
303,-1.0463996939842424,22
304,-1.0442697904161837,22
305,-1.0519640245864743,22
306,-1.0586442842854906,23
307,-1.0374601774753958,22
308,-1.0523871024492255,22
309,-1.050565061247817,22
310,-1.0496081112187539,23
311,-1.0554692593578447,22
312,-1.0350841225052985,21
313,-1.0460997507302048,22
314,-1.0441250306869019,22
315,-1.0464854647714703,22
316,-1.0494811195139093,22
317,-1.0282231562151665,20
318,-1.0505307763360552,22
319,-1.0569717321249557,22
320,-1.040464284539008,22
321,-1.0524020776578458,22
322,-1.0365404425246696,22
323,-1.0553016398761383,23
324,-1.0476405496704753,22
325,-1.0419743564578148,21
326,-1.052792320886748,22
327,-1.0517475428599299,22
328,-1.036170649475433,22
329,-1.0462467153454018,22
330,-1.0474485574260042,21
331,-1.0424842508438907,22
332,-1.0534567148111633,23
333,-1.04148368221579,22
334,-1.0509134345794717,22
335,-1.0274577393624287,21
336,-1.0562834909015668,23
337,-1.0434388897862485,22
338,-1.043495621290907,22
339,-1.049237378868926,22
340,-1.0424178035707112,21
341,-1.0423519954710019,22
342,-1.0501322511629403,22
343,-1.0451388338727714,23
344,-1.0432930229257467,21
345,-1.0537384140438568,22
346,-1.0447574838948013,22
347,-1.0373018635655828,22
348,-1.0537386427016857,23
349,-1.0460955450361864,21
350,-1.0611611586948535,23
351,-1.0504905223862908,22
352,-1.0409966800818067,22
353,-1.0486613048500728,22
354,-1.0438625590649149,22
355,-1.0482569920834106,22
356,-1.046400522740009,23
357,-1.0510992712558302,22
358,-1.0597507704524334,23
359,-1.0454659619488926,21
360,-1.0477987310193322,22
361,-1.0456691128822202,22
362,-1.0513906099170596,23
363,-1.0418623220678331,21
364,-1.051018414343332,23
365,-1.047328459851758,22
366,-1.0541460204880366,22
367,-1.0490184316126918,22
368,-1.0466314620618755,22
369,-1.0463114122418744,22
370,-1.0535026289150142,23
371,-1.0507166802185186,22
372,-1.0517894440184021,22
373,-1.0509833820921575,22
374,-1.0527319263089727,21
375,-1.0458223602196524,22
376,-1.0391965272208528,21
377,-1.0411582183007464,22
378,-1.0492804887470806,22
379,-1.0421874141020664,21
380,-1.049989791266223,22
381,-1.0451408940218283,22
382,-1.0520538825964418,22
383,-1.0445250993623743,22
384,-1.0555970373569745,24
385,-1.0606612539921658,22
386,-1.055515048373912,22
387,-1.0445639081297031,21
388,-1.0445070625538626,21
389,-1.0573812511875182,23
390,-1.051526169657872,22
391,-1.0492874206114309,22
392,-1.049739202199597,22
393,-1.0526544861880147,22
394,-1.0425971759706845,21
395,-1.0526756011894813,23
396,-1.058869763427639,23
397,-1.061279751390699,23
398,-1.0530711411180307,23
399,-1.0480862387518093,21
400,-1.048077934384995,23
401,-1.0536328235937187,22
402,-1.0582893883359674,22
403,-1.0539428632913916,23
404,-1.04404252226302,22
405,-1.050222068528044,23
406,-1.0471727914592834,23
407,-1.0531336022305295,22
408,-1.0548887269418357,23
409,-1.059029129996722,23
410,-1.0518859284923245,22
411,-1.048635782847802,21
412,-1.0599067825457558,23
413,-1.0467780800491795,22
414,-1.0562925141965998,22
415,-1.0652669255122795,24
416,-1.063523817610506,23
417,-1.0524155057499553,23
418,-1.0534273040986746,22
419,-1.0494878747339387,23
420,-1.0575391835273273,23
421,-1.047683355585879,22
422,-1.0447030985040318,21
423,-1.0566946735337912,23
424,-1.0523561402605461,22
425,-1.0545292299987106,23
426,-1.0516327568239372,23
427,-1.0511936007604805,22
428,-1.0678464290979384,24
429,-1.03872091102916,22
430,-1.045370318541794,22
431,-1.0450241597077277,21
432,-1.0534140948147674,23
433,-1.0488412457047323,23
434,-1.0600934834276863,23
435,-1.0544758213214673,23
436,-1.0537260482553297,23
437,-1.0516594718342656,22
438,-1.0440923838240415,22
439,-1.050025059454239,23
440,-1.045606177998742,22
441,-1.062540087134517,23
442,-1.0532510042026284,23
443,-1.0560910045020937,23
444,-1.0503199906386158,23
445,-1.045561627656736,21
446,-1.042997511210097,23
447,-1.0555230442235837,22
448,-1.045066984417975,23
449,-1.0560451219893903,23
450,-1.0492104649301033,23
451,-1.0505339094132158,23
452,-1.0464186044807704,22
453,-1.0416366774836197,22
454,-1.0619072531902403,23
455,-1.0493812158209042,23
456,-1.0528147625374462,23
457,-1.0551862244303343,24
458,-1.048659924440063,22
459,-1.0504270438719285,22
460,-1.0509152404616033,23
461,-1.0569966301484544,24
462,-1.0612062821606618,23
463,-1.053725006895416,22
464,-1.0598796809490723,23
465,-1.0560151613195523,23
466,-1.0558662483617243,23
467,-1.059482791023087,22
468,-1.0538182535632465,23
469,-1.0518023963315026,22
470,-1.0472712578378065,22
471,-1.0420416347595967,22
472,-1.057047021460154,23
473,-1.0576311133139407,23
474,-1.0502017281533935,22
475,-1.048797273796996,23
476,-1.0561073978232676,24
477,-1.0510855672627164,22
478,-1.057927368505528,23
479,-1.0497538938635924,23
480,-1.0544280299840916,22
481,-1.06150987504658,23
482,-1.055777045482794,23
483,-1.060386053208387,23
484,-1.0600957201149703,23
485,-1.0494159074636704,22
486,-1.0529114324882123,22
487,-1.0539572347888195,24
488,-1.059243844739112,24
489,-1.0497263327312696,23
490,-1.0505024339324383,23
491,-1.0559517290598217,24
492,-1.0554577899352873,23
493,-1.0523525139397045,22
494,-1.0491716264630548,23
495,-1.0528338874176784,23
496,-1.0496182877333031,23
497,-1.0457976091935368,23
498,-1.0504049603570058,23
499,-1.0592884206794724,24
500,-1.0571330925630655,23
501,-1.056487741564261,23
502,-1.0580673675765444,23
503,-1.0563836933093715,23
504,-1.0521633359463303,23
505,-1.0536203670084319,23
506,-1.057285960476281,22
507,-1.0569595703235182,23
508,-1.0586977815172949,23
509,-1.0586984675879667,23
510,-1.0463381249162647,23
511,-1.0563490928604053,23
512,-1.0593059615273568,23
513,-1.0555487298177981,22
514,-1.0468088992407791,22
515,-1.052617954096334,22
516,-1.0640800682602956,23
517,-1.0625497145027643,24
518,-1.0641730552241566,24
519,-1.0520614467888767,23
520,-1.0651550036805832,24
521,-1.0519385907076695,23
522,-1.0558331280678324,23
523,-1.0617947576670952,23
524,-1.0617373702470887,23
525,-1.0560532580140138,23
526,-1.0449868119688692,22
527,-1.06117229251982,23
528,-1.0583762626140008,23
529,-1.0608823711285174,23
530,-1.0538294986043397,23
531,-1.0633188590324207,24
532,-1.0523791347889913,23
533,-1.046654408314366,23
534,-1.0538759964138147,22
535,-1.0489574979572571,22
536,-1.0577790789295227,23
537,-1.0511445933387669,22
538,-1.0456942524311714,23
539,-1.0533135384326109,22
540,-1.0520602972343187,23
541,-1.059197720405876,24
542,-1.0558446455801604,23
543,-1.0550419579171786,23
544,-1.0544654943838643,23
545,-1.0619813159428775,24
546,-1.0518837163713268,22
547,-1.0673150938828044,24
548,-1.0441016356316486,22
549,-1.0651910591884537,23
550,-1.0559864698789636,23
551,-1.0558164146964282,23
552,-1.0558872898393283,22
553,-1.0603318812752092,23
554,-1.0677484101658425,25
555,-1.0492542061004155,23
556,-1.05238880225176,22
557,-1.0536601937015149,23
558,-1.0567702032078068,23
559,-1.0579819739482863,23
560,-1.0598568438063298,24
561,-1.0524819977566031,22
562,-1.052925653843336,24
563,-1.0579782887338687,23
564,-1.0552163449201435,23
565,-1.0574957643735448,22
566,-1.0528976045838727,23
567,-1.065391697870096,25
568,-1.0531513707465041,23
569,-1.051435417005552,22
570,-1.0598987620202347,23
571,-1.0677484156370962,25
572,-1.0560071438092926,23
573,-1.0551427533665074,24
574,-1.0521214785675648,23
575,-1.0467634887121402,23
576,-1.054784989042404,23
577,-1.055473401025103,22
578,-1.0389403277196683,21
579,-1.0580076408565964,23
580,-1.057137492768351,23
581,-1.062678741572419,24
582,-1.0620948410938449,23
583,-1.0570441187724064,23
584,-1.0583484206516245,24
585,-1.063414787990589,23
586,-1.0472937199192818,23
587,-1.062867008277552,23
588,-1.0579452001866354,24
589,-1.060215257179719,23
590,-1.050731399821913,23
591,-1.047895937923942,23
592,-1.060533382951714,24
593,-1.052595549071714,22
594,-1.06166357815935,23
595,-1.0508315063655937,22
596,-1.0603409694737087,23
597,-1.0658922086894047,23
598,-1.0587816401559056,23
599,-1.0581972880315675,23
600,-1.0502650786957681,22
601,-1.0619059407154703,23
602,-1.0553482961586642,23
603,-1.0622490242996678,23
604,-1.0569812604751994,23
605,-1.0539117262291402,23
606,-1.0562381503394376,23
607,-1.0647765719560405,24
608,-1.0494936965406103,22
609,-1.0640079537523497,23
610,-1.0477661900689703,22
611,-1.0601056974878693,23
612,-1.0697207732762972,25
613,-1.063015691640682,24
614,-1.062706892617959,23
615,-1.050308909515947,24
616,-1.0581435706003155,23
617,-1.0556284438206103,23
618,-1.054103651959193,23
619,-1.0589562880906778,24
620,-1.058977599202691,23
621,-1.0522860107281398,22
622,-1.0567921335781503,22
623,-1.0635229631271192,23
624,-1.0573481693472804,23
625,-1.0627980264144194,25
626,-1.061121068105399,23
627,-1.0674868026350517,24
628,-1.0566952977206021,23
629,-1.0618943564706604,24
630,-1.0663975798112977,23
631,-1.0538337964332576,23
632,-1.0507087726421374,23
633,-1.0557825846628002,23
634,-1.0557752445804285,22
635,-1.0521894523820814,23
636,-1.0570971159580964,23
637,-1.0546983596549178,23
638,-1.0568340164011008,23
639,-1.0616920860792494,24
640,-1.0594217882055053,23
641,-1.060382604665625,23
642,-1.0517558620378002,22
643,-1.0639829614961784,24
644,-1.0604585039358274,23
645,-1.0596286932903434,23
646,-1.0561156746425275,23
647,-1.0571841187369662,23
648,-1.0616780356713351,23
649,-1.0571499367551997,23
650,-1.0622180045196083,23
651,-1.0568188745905285,23
652,-1.0585948375591352,23
653,-1.0670301865393785,24
654,-1.0493924044857112,23
655,-1.0525370007377364,22
656,-1.0692973499204903,25
657,-1.0620875548362674,24
658,-1.0555342235730036,23
659,-1.0539463142622416,22
660,-1.054352106182129,24
661,-1.0601289998056522,23
662,-1.055282022545965,23
663,-1.056074182208649,23
664,-1.0599442960871714,24
665,-1.0569251496697323,24
666,-1.0536126501651666,23
667,-1.068773695193096,23
668,-1.0509459063354818,24
669,-1.0618478024780136,23
670,-1.0562116153521313,22
671,-1.0645303833342723,24
672,-1.0601295167261555,24
673,-1.0578394003723977,23
674,-1.0639208341852429,23
675,-1.0661622974500777,24
676,-1.0506550849863125,22
677,-1.064803418806035,23
678,-1.0523965087148404,24
679,-1.0585814662737558,23
680,-1.055649158910021,24
681,-1.0615452707775364,23
682,-1.0583711558670246,24
683,-1.0524841123058881,24
684,-1.0629807778182685,24
685,-1.067787404365463,24
686,-1.055576204901754,23
687,-1.0498058111038076,23
688,-1.0580081282786908,23
689,-1.05753409334258,24
690,-1.0388648543556884,22
691,-1.0564526947323687,24
692,-1.0509170743330047,23
693,-1.056859131156063,24
694,-1.057055121443543,23
695,-1.0693152795609462,23
696,-1.063177907556966,24
697,-1.0556064682014255,24
698,-1.0514548006717979,23
699,-1.0553387139237385,23
700,-1.0508138813918717,23
701,-1.055383788847056,24
702,-1.0674400002031428,24
703,-1.0474685400153418,22
704,-1.0634044205443545,22
705,-1.0487009261176403,22
706,-1.0589016182247377,23
707,-1.0619455328148877,23
708,-1.0594887397420587,23
709,-1.0585089227880315,24
710,-1.0542538231026382,24
711,-1.0612198600491518,24
712,-1.0576988294074214,24
713,-1.0618586064054227,23
714,-1.064654061785768,23
715,-1.071993648705201,23
716,-1.052668513197933,24
717,-1.06087474694976,25
718,-1.0600456245757575,23
719,-1.0600346816463762,23
720,-1.0660755570038964,24
721,-1.05891436457999,24
722,-1.0570390351816819,25
723,-1.0587151446255185,23
724,-1.052025350327811,24
725,-1.0587379993622048,25
726,-1.0656186545446766,24
727,-1.0598489703223968,24
728,-1.0466354120320869,23
729,-1.0507046530810795,24
730,-1.0619374135921613,23
731,-1.0586606714400133,23
732,-1.0683884095042648,24
733,-1.076190357773984,24
734,-1.0626602643224303,23
735,-1.0585820924106157,24
736,-1.0687999856361652,23
737,-1.0590475615819543,24
738,-1.0661537289738339,23
739,-1.0550282562488684,23
740,-1.060871148018701,23
741,-1.0520377454065097,22
742,-1.0641842627083944,25
743,-1.074387510375704,24
744,-1.0585914069361044,23
745,-1.0638500387071472,23
746,-1.0666276134817811,25
747,-1.0581155355533793,23
748,-1.0623450436533972,23
749,-1.0507956522906385,22
750,-1.0543832774229331,23
751,-1.054996946214187,24
752,-1.0459332894837816,23
753,-1.0530883176553245,24
754,-1.0520587757604634,22
755,-1.0669703605575895,23
756,-1.051033877010967,24
757,-1.0585570712900136,23
758,-1.0530336394909885,22
759,-1.0678690061662364,24
760,-1.058093639152738,24
761,-1.0697286178978738,24
762,-1.065781843279018,24
763,-1.056200157320746,25
764,-1.053007675089397,24
765,-1.0612126625600917,23
766,-1.058438599824275,25
767,-1.0618903051941289,24
768,-1.0555672348091805,24
769,-1.0515967236497272,23
770,-1.0607195619109415,23
771,-1.0587622457033308,24
772,-1.0515561628422798,23
773,-1.06242050154183,23
774,-1.044187392583816,23
775,-1.0506983926029956,23
776,-1.061240015978225,23
777,-1.0588143028927304,24
778,-1.059681613368538,24
779,-1.0504844890745266,22
780,-1.0557904886128704,24
781,-1.0590369759135834,23
782,-1.0558051989344874,23
783,-1.059571278287788,24
784,-1.0607477013576063,24
785,-1.0567785596633175,25
786,-1.060325649095537,23
787,-1.0479667948989466,23
788,-1.063779007682553,24
789,-1.0571663300898373,23
790,-1.0613444475623677,24
791,-1.051384750147839,24
792,-1.0625474255966378,24
793,-1.0559150251947216,24
794,-1.0535788905246013,24
795,-1.055026601937094,25
796,-1.0554189426053204,24
797,-1.0522969787502234,24
798,-1.054416030545423,23
799,-1.0503288279594063,23
800,-1.0630034306500642,24
801,-1.0510377797880404,24
802,-1.0637066478004478,24
803,-1.0533385147456351,24
804,-1.0546022844571996,25
805,-1.0527992353100006,24
806,-1.0515717648493,23
807,-1.0565997972288124,24
808,-1.06622308020313,24
809,-1.0593207948917698,22
810,-1.0642205694418216,24
811,-1.0596802800596947,23
812,-1.062226897146819,25
813,-1.0473469748849917,24
814,-1.0663034715036275,24
815,-1.0488486155805186,22
816,-1.0563537115897261,24
817,-1.053830694304522,23
818,-1.0452048827852547,23
819,-1.0589042251207612,25
820,-1.0413284175245954,23
821,-1.0511000687103929,22
822,-1.0610356422607856,25
823,-1.0565739035397408,24
824,-1.061986508804585,23
825,-1.0442351752194967,23
826,-1.0608226632311832,24
827,-1.0512977673904567,23
828,-1.0630948342310342,24
829,-1.0580210048899064,23
830,-1.0455708224397755,23
831,-1.0548450257109192,25
832,-1.0627385621928136,24
833,-1.0585958759248957,23
834,-1.0574547446204388,23
835,-1.0608393504359037,25
836,-1.0519927232963828,24
837,-1.0475156536093966,23
838,-1.0416983227692536,22
839,-1.0576168630911102,25
840,-1.0515649681950068,24
841,-1.0608120468469964,25
842,-1.0564821754932165,23
843,-1.0557472232167686,23
844,-1.0529674401930225,23
845,-1.0533220088996358,24
846,-1.0587765507528397,25
847,-1.0589521690227135,23
848,-1.0575697903969137,25
849,-1.0594826027782414,23
850,-1.0447384279034908,24
851,-1.0501425301743084,24
852,-1.0518044921553278,24
853,-1.0495522071163343,24
854,-1.0477558498953998,24
855,-1.0590339538163653,25
856,-1.059264329820883,25
857,-1.066909218793263,24
858,-1.0558102150696238,23
859,-1.062524084975029,25
860,-1.0581832347288944,24
861,-1.05386288911674,22
862,-1.0524481653780047,24
863,-1.0514622370210074,23
864,-1.0587408484721672,23
865,-1.0582912347982907,24
866,-1.0596715417950637,23
867,-1.0586717800264567,23
868,-1.0487885049703356,24
869,-1.0691240746950186,26
870,-1.0570185338117113,24
871,-1.0464380029981357,21
872,-1.0642819630731386,24
873,-1.0533665967495325,24
874,-1.0578364819642454,25
875,-1.0563071903566044,24
876,-1.0484647019781386,21
877,-1.0645531465385902,26
878,-1.0625558704940483,25
879,-1.0517849281318352,25
880,-1.0561299311396801,25
881,-1.04673707601547,21
882,-1.0582659012478588,25
883,-1.0518032035628966,24
884,-1.062850305388459,25
885,-1.0560323401819682,24
886,-1.0579868728428172,24
887,-1.0587005288078084,25
888,-1.0507716610187994,23
889,-1.0510348945092196,23
890,-1.0511588138763326,24
891,-1.0556151446924462,23
892,-1.0568666625684098,25
893,-1.052118168861943,24
894,-1.0565933856642178,25
895,-1.048709069089076,23
896,-1.0505223226244103,24
897,-1.0605438061133399,24
898,-1.061453972914975,23
899,-1.055460572406091,23
900,-1.0552087333171907,24
901,-1.057197553441442,25
902,-1.0544135169230593,24
903,-1.0487343621371195,23
904,-1.0563894744103839,25
905,-1.0620997854873078,24
906,-1.0364114258219994,23
907,-1.0473185833080905,24
908,-1.055559173235491,24
909,-1.0541750775483354,24
910,-1.0597566319944698,23
911,-1.041735383995133,23
912,-1.0635626214682254,25
913,-1.0500249480835664,22
914,-1.0545595628181847,24
915,-1.0556154800646538,25
916,-1.0586103210147877,23
917,-1.0555475977467224,22
918,-1.0454374762366707,23
919,-1.0620594576620086,25
920,-1.0668325695131846,26
921,-1.0539616230400057,24
922,-1.0620972706772291,25
923,-1.0554873346403228,25
924,-1.0534671776325513,24
925,-1.0467478016211451,24
926,-1.05616126548177,25
927,-1.0551547779500947,25
928,-1.0564382418990472,24
929,-1.060181427782891,25
930,-1.0474706454050904,24
931,-1.0486721677417967,23
932,-1.0610139020219371,26
933,-1.052493154336865,24
934,-1.06067918021453,25
935,-1.0510370755257763,23
936,-1.056986467393331,24
937,-1.0513045088884094,24
938,-1.0588361787897924,23
939,-1.0622757561097167,24
940,-1.0555391915184003,23
941,-1.0489327510028768,23
942,-1.0553811879050599,24
943,-1.0584668763365388,25
944,-1.0445815235753824,23
945,-1.0592357200841434,25
946,-1.0547373428788316,24
947,-1.06573299540789,24
948,-1.0576756438038524,24
949,-1.060886642860452,25
950,-1.0566129889984628,25
951,-1.050461347641117,24
952,-1.0573369844419604,24
953,-1.0585925384060872,23
954,-1.0630811593782583,23
955,-1.0542961294655415,25
956,-1.0601066511044968,25
957,-1.0631962400994472,24
958,-1.060683935662017,25
959,-1.0267828410746784,12
960,-1.0605960381210469,24
961,-1.0606126185880447,25
962,-1.0557161939983133,25
963,-1.052831337634679,23
964,-1.0567999381781674,24
965,-1.0649949862971486,24
966,-1.0519509429853624,24
967,-1.0639675242804016,24
968,-1.0666601394070911,23
969,-1.064710732456713,25
970,-1.0636440474684832,23
971,-1.0570187537404436,25
972,-1.054156646802093,22
973,-1.0538624023904242,24
974,-1.062881670187145,24
975,-1.05742069491372,25
976,-1.0493314268894642,24
977,-1.0648633350228165,24
978,-1.0651067562864467,26
979,-1.0555997752967368,24
980,-1.0572630160242142,25
981,-1.0556057424670056,23
982,-1.0510067036162922,24
983,-1.0637613951100775,23
984,-1.0627054541903866,24
985,-1.0595547806657672,25
986,-1.0636066066235332,24
987,-1.0556180698708595,23
988,-1.062647971911668,24
989,-1.0625121590345676,25
990,-1.06750453208616,26
991,-1.0660279283926737,26
992,-1.0624681650366634,25
993,-1.0643912690315045,24
994,-1.0499427936101777,24
995,-1.048982379777749,23
996,-1.054622028504623,24
997,-1.0497299087927858,24
998,-1.0524511217064734,23
999,-1.0502704420039963,24
1000,-1.0594625566397047,25
1001,-1.055060690868733,24
1002,-1.0511991148581155,24
1003,-1.0562665978178705,25
1004,-1.055787100403277,23
1005,-1.058823515479729,25
1006,-1.0615722936607834,25
1007,-1.0698893473976532,26
1008,-1.0553823178920916,24
1009,-1.0604583227769369,25
1010,-1.0501097154283325,24
1011,-1.0613721444513446,24
1012,-1.0521949704026872,25
1013,-1.0477760445398074,23
1014,-1.0464561070688085,23
1015,-1.056241651589145,25
1016,-1.0567139558891734,24
1017,-1.0639868940764075,24
1018,-1.056651288280365,25
1019,-1.0553174544202566,25
1020,-1.0582930594599802,25
1021,-1.0668447193664805,26
1022,-1.0598079729199157,25
1023,-1.053011095054051,24
1024,-1.0656024317720978,24
1025,-1.0535371883587665,23
1026,-1.0604652174637343,24
1027,-1.0617408785707512,23
1028,-1.0638686427099797,26
1029,-1.063291744395714,24
1030,-1.0620157671123185,25
1031,-1.048347300333212,23
1032,-1.058644009822803,25
1033,-1.0551437062805584,24
1034,-1.0495924269657344,24
1035,-1.050722020715421,23
1036,-1.0537093378931013,24
1037,-1.0466559037642345,24
1038,-1.0579014674872016,25
1039,-1.0556819199155631,24
1040,-1.056550202089165,24
1041,-1.0503022080145255,24
1042,-1.063908894522598,23
1043,-1.0584628663575184,25
1044,-1.066980112693154,26
1045,-1.0617507969793833,25
1046,-1.0586232987070567,24
1047,-1.0597923954138342,24
1048,-1.0500059256949201,23
1049,-1.062654654492932,25
1050,-1.0630599075128728,25
1051,-1.0656048345354197,24
1052,-1.0561999243489797,25
1053,-1.0554609344899892,24
1054,-1.0482943353823149,22
1055,-1.053193544163371,24
1056,-1.0609472583422421,27
1057,-1.060018882746278,26
1058,-1.0632047451068387,23
1059,-1.055125828557602,25
1060,-1.053301497972492,24
1061,-1.062296980304511,23
1062,-1.05757191964798,26
1063,-1.0485521997695304,26
1064,-1.0582868851836065,25
1065,-1.0666949773784007,27
1066,-1.0936703002771382,34
1067,-1.0785603225173677,34
1068,-1.051532434244514,23
1069,-1.0715476537428306,32
1070,-1.0549244641730438,25
1071,-1.23169830890415,101
1072,-1.1036707790823417,39
1073,-1.0937072946483217,35
1074,-1.051277062865367,24
1075,-1.0865767462029814,37
1076,-1.0605877182946286,30
1077,-1.069370067193681,32
1078,0.5994325396703848,148
1079,-1.0508123840751329,24
1080,0.5638914319059396,156
1081,-1.2729135171548478,98
1082,-1.0735567839699343,30
1083,0.5975126013952027,152
1084,-1.2866980031520043,110
1085,-1.2754874084612529,112
1086,-1.0816226797808053,35
1087,-1.3627331961456255,124
1088,-1.233443894742742,92
1089,-1.081417408004757,30
1090,-1.330357444385865,124
1091,0.6425536927446946,144
1092,0.6863152304380142,139
1093,0.6948894349683772,135
1094,0.6863688399669079,136
1095,-1.0671027720222748,29
1096,-1.0661693106486094,32
1097,-1.0417303026822493,24
1098,0.6273312527171246,145
1099,-1.0382943594362255,24
1100,0.6034496803630403,150
1101,0.6159122720240837,147
1102,-1.0214857665021722,10
1103,0.6781896492683595,136
1104,-1.0588144081457338,26
1105,0.6193475438847231,149
1106,-1.2141918190939462,91
1107,-1.063055437719324,29
1108,0.6771531561620707,143
1109,0.6639548138588525,137
1110,0.6170283014680509,147
1111,0.6697041013903275,143
1112,0.719517573269671,130
1113,-1.1473010348678356,83
1114,-1.0977038844597369,38
1115,0.6855327105980775,134
1116,-1.1796877261846677,83
1117,0.7125612431579372,137
1118,0.7188851250369788,133
1119,0.7134739406719922,136
1120,0.7038284449004875,141
1121,-1.1701669664433823,79
1122,-1.2452729452145879,107
1123,-1.068697667577379,30
1124,0.7020454007027185,136
1125,-1.2426739274971392,109
1126,0.7362407401695973,132
1127,-1.0686218921159247,29
1128,0.6760424942799901,138
1129,0.6761964724301419,144
1130,0.7499634475838324,130
1131,0.7463676304164872,125
1132,0.7420930395638212,133
1133,-1.17024335134058,80
1134,0.7494288441611487,126
1135,0.7453298584521948,122
1136,-1.080456373886608,32
1137,-1.2555520759397547,99
1138,0.6414291929630198,152
1139,0.7573935038794605,123
1140,0.7189136158618429,130
1141,-1.2365702206113058,93
1142,-1.2764947441262153,115
1143,0.6671604362654556,141
1144,-1.0695261859361191,29
1145,-1.279812952849026,112
1146,0.6384697858557191,150
1147,0.6919244989146774,135
1148,0.5509023885724618,165
1149,-1.215526120981523,89
1150,-1.212901757579401,89
1151,0.6768328659415174,137
1152,0.6956138178445133,139
1153,-1.0569404400636824,27
1154,0.6966052911241885,136
1155,0.7146711370894321,137
1156,0.6986849298910962,137
1157,-1.1612493568690323,54
1158,0.6919770501539577,139
1159,0.6889407808521533,141
1160,0.6720277756164001,141
1161,-1.0793083535111352,32
1162,0.7046614159357723,136
1163,0.7155364906807075,137
1164,0.7150997862030123,127
1165,0.649863330699015,146
1166,0.7385029030413335,129
1167,0.6630432522030141,145
1168,-1.0845184252036233,32
1169,0.6664647896178971,138
1170,0.6716618569628363,142
1171,0.7048073464162989,132
1172,0.7168797710679564,129
1173,0.63551463489282,148
1174,0.6724224566398902,146
1175,-1.0537611308357606,29
1176,0.7492438924455906,129
1177,-1.0625133685397015,29
1178,-1.2675565284764443,116
1179,0.6459654394208921,147
1180,0.7262661119106866,131
1181,0.7716861338839749,125
1182,0.7058477429336816,135
1183,0.7099103878245054,135
1184,-1.2248347636039822,96
1185,0.759061705378391,131
1186,0.7909014931437413,119
1187,-1.2200893838439884,105
1188,0.7441605330958431,129
1189,0.6791594914862773,146
1190,0.7486707983332388,133
1191,0.743473183356256,128
1192,0.7672715829725342,124
1193,0.6357038929957893,149
1194,0.7350983101356207,129
1195,-1.2404094988232295,111
1196,0.7541614995955014,127
1197,0.6925151014806747,140
1198,0.7937441105288003,120
1199,0.7191449401813421,137
1200,0.7835627729692674,126
1201,0.7275574088034947,135
1202,0.7392916111129155,134
1203,0.7722785154447057,126
1204,0.7917217049333238,117
1205,-1.0478318215813618,23
1206,-1.0835089281789083,34
1207,0.7733912544831177,123
1208,0.7352640905764105,125
1209,-1.161238010378558,83
1210,-1.286769153275411,120
1211,0.7578660923543268,131
1212,0.6977986892305316,141
1213,0.7004552839532026,133
1214,0.7080953146567321,134
1215,0.7199739895755245,133
1216,-1.2340616010005434,109
1217,-1.071860745205112,31
1218,0.7566090728930562,132
1219,0.7331992354430857,131
1220,0.6453385892171726,149
1221,0.7424534909971365,129
1222,0.7404386947479142,131
1223,0.7378804089313806,126
1224,0.7477912121626986,125
1225,0.73213927142036,132
1226,0.7415569669400146,129
1227,0.762774402284492,125
1228,0.7471198990504994,131
1229,0.7712877162308392,122
1230,0.6933710804489999,144
1231,0.7020629666676855,136
1232,0.7801385507757933,123
1233,0.7260620775002617,133
1234,0.6816860721250667,138
1235,0.71623891305305,135
1236,0.7372784249333142,135
1237,0.7485935951935371,130
1238,0.7400672505879811,130
1239,0.763450314522166,129
1240,0.6816675869173496,142
1241,0.7517713278532486,124
1242,-1.075985882655152,31
1243,-1.2078541698341019,110
1244,0.7385432402901012,130
1245,-1.2659224395050919,118
1246,-1.2485767387612559,115
1247,0.7444410166513695,131
1248,0.7659064465506829,123
1249,-1.1738158748149545,85
1250,-1.3210292977410818,124
1251,0.7528546167266457,122
1252,0.7529020569811474,127
1253,0.7310734659210074,134
1254,0.7252519933631321,130
1255,0.7283361411573177,131
1256,0.7045645361079413,140
1257,0.7590405250062697,125
1258,0.6505875479911928,155
1259,0.7306027763348565,129
1260,0.7093229170038852,137
1261,-1.2626881176141023,119
1262,-1.200437719197896,90
1263,-1.1692274341762703,84
1264,0.6949302626156497,137
1265,-1.1671909208258562,78
1266,0.6920445175090698,138
1267,-1.0522123325807191,28
1268,-1.0930430395314168,41
1269,0.7357416509823116,137
1270,0.763242278311344,125
1271,0.7147860080606158,139
1272,0.7336815018682175,130
1273,-1.0557406984655746,30
1274,0.7383349526028694,134
1275,0.716100137362856,136
1276,-1.11835801814235,44
1277,0.7473478343791146,132
1278,0.7339207700115628,129
1279,0.7509819844479645,132
1280,-1.090695965113257,42
1281,0.756004037265025,126
1282,0.7098865774405915,140
1283,-1.1686396554829983,83
1284,0.7319153143609809,131
1285,0.7687520252068054,129
1286,-1.1905106567703803,104
1287,0.7665985451121505,127
1288,-1.0740250039715187,31
1289,-1.1466661172961345,81
1290,0.7443362708200116,134
1291,0.7553055259982058,131
1292,-1.250987085213343,119
1293,0.7407004002865162,137
1294,0.756973453563877,131
1295,0.7416812587537266,131
1296,-1.2687807919600642,117
1297,0.7319138758975248,130
1298,0.6858772684029668,146
1299,0.6704979853977189,143
1300,0.7615905852310193,125
1301,-1.1119098273136259,45
1302,0.7228577251385198,129
1303,0.7645501627272167,126
1304,0.6909040472172489,145
1305,0.7326561404350738,139
1306,0.7587290758622295,118
1307,-1.2654166888193799,117
1308,0.7259441161872516,136
1309,0.7275074517416995,135
1310,0.7385408499223441,134
1311,-1.2685661346355077,121
1312,0.6682345715586788,145
1313,0.7344891910668708,134
1314,-1.1600671540185874,84
1315,0.7473094143668029,130
1316,0.6734104868758681,141
1317,-1.2679096836602188,113
1318,0.7327205659400116,129
1319,0.7087401542237397,136
1320,0.6880217153460455,136
1321,0.7627408202393442,126
1322,0.7225148968446501,140
1323,-1.2427845606005816,113
1324,0.7181468254868318,131
1325,-1.1881344920498924,86
1326,0.739465576144861,126
1327,0.7376923555338992,129
1328,0.706513900148055,136
1329,0.7132210911297859,135
1330,0.7011866705559078,132
1331,0.6900399588596813,135
1332,-1.1116021122235091,35
1333,0.6660626008045619,140
1334,0.7107335887906954,133
1335,0.7048508431922207,132
1336,-1.2476746455653185,111
1337,0.6724788560895671,141
1338,-1.0895769587906792,33
1339,0.685802921758097,135
1340,0.6705254462824304,140
1341,0.713270987860938,133
1342,-1.0818103038754436,30
1343,0.6961007397538362,134
1344,0.6868962325668477,139
1345,0.7597475401797661,125
1346,0.6948188927318337,136
1347,0.6396201036013117,151
1348,-1.241338172587606,108
1349,0.7189146831382196,132
1350,-1.160632586643493,80
1351,0.731948677289898,128
1352,0.7065657027027668,137
1353,0.686108454497183,138
1354,0.6747689889426356,145
1355,0.7264440969494752,132
1356,0.6307846359932341,144
1357,-1.0896714603711175,32
1358,-1.250439565522889,110
1359,0.6915741376936475,144
1360,0.736193778944809,128
1361,-1.0833997936842337,31
1362,0.6812600996879208,134
1363,0.7025802888735672,138
1364,0.7146415642369837,136
1365,0.731956126360892,137
1366,0.722156067974174,131
1367,0.69568607477161,140
1368,0.6825781458484638,141
1369,-1.2333138272051756,112
1370,0.6970971430549181,142
1371,0.7019774928114071,133
1372,-1.1878553267747045,88
1373,0.6894319062958131,136
1374,-1.2903946406925062,123
1375,0.7119124252910586,141
1376,-1.2635148735789952,117
1377,0.7270813096088556,136
1378,0.6423744346704197,147
1379,0.7175719145618025,134
1380,0.7531638790108559,123
1381,0.7440406214296338,127
1382,0.6274999095809011,150
1383,-1.2797855808481668,120
1384,0.7259719553942499,133
1385,0.682796552460831,137
1386,-1.2725267600678005,121
1387,-1.2105383841565507,92
1388,0.6723681743366627,141
1389,-1.274685763451525,116
1390,0.6750060699868622,142
1391,0.7181410015521275,131
1392,0.7231981844448607,134
1393,0.7077826122496803,131
1394,0.755907139422837,132
1395,0.7461021403876608,130
1396,-1.2564114783863451,118
1397,0.7076387509860548,143
1398,0.6976902278258346,136
1399,-1.2696727051177703,117
1400,0.7006630874693636,143
1401,0.6869217833017068,139
1402,0.7037535660002991,138
1403,-1.2852887046591142,117
1404,0.7305444672043788,132
1405,0.7417670090116788,132
1406,0.7612854395322273,127
1407,-1.2407425972064694,114
1408,0.7377143051958451,135
1409,0.7130601672008878,138
1410,0.7156463227556846,136
1411,-1.2497352779083593,118
1412,0.7633806057055248,124
1413,0.7023834899556718,132
1414,-1.2714485359332917,119
1415,0.7288819150667976,135
1416,0.7031449407413726,137
1417,0.7022193704430659,141
1418,0.7637088258747411,128
1419,0.751911982685362,128
1420,0.7438792123121609,132
1421,0.7761805539253097,128
1422,-1.2382342670978246,114
1423,-1.3375785906725013,135
1424,-1.2407374427102578,108
1425,0.7619336835544909,130
1426,0.742372143316253,135
1427,0.7338643598234067,132
1428,0.7030427253279137,141
1429,-1.246431972261907,113
1430,0.7608723263311115,131
1431,0.6972125977391361,146
1432,0.6622579296118956,152
1433,0.744527220019637,132
1434,0.7476860268674097,133
1435,0.7226970617919695,138
1436,-1.1404716692446457,83
1437,0.7674330131050661,131
1438,-1.2614827087415397,119
1439,0.6870705971116275,142
1440,-1.1716189840969957,85
1441,0.7667347774629412,126
1442,-1.1768501876800213,86
1443,0.7455012786113896,131
1444,0.7476221362196551,131
1445,0.8074384679759379,123
1446,0.7650413157525944,131
1447,0.7185171664853442,138
1448,-1.0487982477573787,28
1449,-1.2095548134909453,112
1450,0.7400607213037516,130
1451,0.7663693706872631,130
1452,0.7087460189853824,141
1453,0.7822314539547701,120
1454,0.7851911005462491,124
1455,0.7597695916901884,129
1456,0.7275382206120877,136
1457,0.732007178952285,127
1458,0.7250894416615143,131
1459,0.734140460426161,134
1460,-1.2176011396282889,113
1461,0.7817025122306787,125
1462,0.7052411943606662,137
1463,0.7093038250610066,134
1464,0.7564911233976922,132
1465,-1.2779283451519143,124
1466,0.7625449533795062,128
1467,0.7298823110699071,134
1468,0.7790802565328862,118
1469,0.7702124629512672,128
1470,0.7790839467584203,121
1471,0.7617145787927488,131
1472,0.7864262175281791,121
1473,0.7704715223927446,128
1474,0.766778485620433,121
1475,0.7721724888574379,128
1476,-1.2170185828065843,111
1477,0.7794395086346125,130
1478,0.7550165947730408,137
1479,0.7613460396450668,133
1480,0.8047596217685762,114
1481,0.7743696930870909,127
1482,-1.1623919778240213,83
1483,-1.246136658156919,112
1484,0.7424375200436144,128
1485,0.7467929229425734,133
1486,-1.1303344890046563,73
1487,-1.195876077846946,105
1488,0.7341375539908126,137
1489,0.7685879660559656,124
1490,0.7611958380057687,132
1491,-1.1908909627518562,105
1492,0.7990213304113065,120
1493,0.7714224008062018,127
1494,0.7118551119152036,139
1495,0.7285715088271809,137
1496,0.7458196575348163,135
1497,0.7550676520436748,128
1498,0.7572404364196141,131
1499,-1.251762764069379,114
1500,-1.1963024839609693,104
1501,0.7782508320940887,126
1502,0.7407474060509487,127
1503,0.7498329692913792,137
1504,-1.1597066053479455,85
1505,0.7216459406919467,140
1506,0.7406038048355024,133
1507,0.7230235147864095,134
1508,0.7397386063304661,136
1509,0.7562180394161322,129
1510,0.6933962532706466,138
1511,0.6765136993525682,142
1512,0.7561150854357587,130
1513,0.6402626151458473,152
1514,0.7468117105619503,131
1515,-1.077336255829831,33
1516,0.6682076801991095,147
1517,0.7361455820293512,131
1518,0.7092324730817783,139
1519,0.7306146836418632,131
1520,0.7167540434572404,132
1521,0.7722669594251166,130
1522,0.6995156166202867,143
1523,0.7320613001415234,131
1524,0.7228200201935178,129
1525,0.7232369025244966,132
1526,0.7393847123425765,134
1527,-1.1161332328769547,45
1528,0.7539748590736965,131
1529,0.734273820804032,132
1530,0.6848216115801994,146
1531,-1.2495563008446133,117
1532,0.6784047200505012,149
1533,-1.2725722425654138,123
1534,0.7311501383940162,140
1535,0.7438901430593049,129
1536,0.7362918378539878,136
1537,0.7460867715525523,129
1538,0.7434304912644258,132
1539,0.7271489866366703,138
1540,-1.1580081486120095,86
1541,0.7103326251427213,135
1542,0.6964871735245314,143
1543,-1.2791098564544359,120
1544,0.7054027627649273,142
1545,0.7607201133238478,131
1546,0.7278447460274715,135
1547,0.7175836613460976,135
1548,0.7327233710632249,134
1549,0.7172249787016647,136
1550,0.7828110681154592,122
1551,0.68219845648259,140
1552,0.6794600185055477,142
1553,0.7234041265513813,132
1554,0.7293836057848866,133
1555,0.7019998670287624,140
1556,-1.15846849853087,84
1557,0.7328744635802767,130
1558,0.7205463557992287,136
1559,0.6587159676503733,149
1560,0.6586179162424188,149
1561,0.7161006522901598,136
1562,0.7342818554771675,132
1563,0.7087525357876813,134
1564,0.6762504144626789,144
1565,0.7199663311396305,132
1566,0.7055035067916733,140
1567,0.709656950749771,141
1568,0.7211905265345249,132
1569,0.7199356095728288,131
1570,0.7391314591107949,140
1571,-1.262679595985455,116
1572,0.37853602598410274,284
1573,-1.2812190472623466,121
1574,0.7257454756348711,135
1575,0.7148083092114076,137
1576,0.7477947633491702,130
1577,0.7567451691254691,128
1578,0.6872170404126565,146
1579,-1.3055588409221823,131
1580,0.7555785693082402,127
1581,0.7701387163080773,124
1582,0.7580786038130731,130
1583,0.7263040930858675,136
1584,0.7107258907384382,138
1585,0.7180212644481697,139
1586,0.7344555959816894,134
1587,0.6665495247848399,144
1588,0.6500766181610258,150
1589,0.7331385633826752,135
1590,0.7242808732119139,137
1591,0.7445453889770992,130
1592,0.7286248467108538,135
1593,0.7372547149327245,130
1594,0.7249591006348233,139
1595,0.7053999383819651,138
1596,0.7764392822755308,126
1597,0.6559596810913418,151
1598,0.724920690902374,139
1599,0.7088399703468544,140
1600,-1.1565061471078029,83
1601,0.7566806678288194,127
1602,0.7086114702388312,139
1603,0.7504580602914489,131
1604,0.7103887065037178,143
1605,0.7365334730253605,136
1606,0.768485185282975,125
1607,0.7404246212352139,126
1608,0.7042657532796757,139
1609,0.7546446523003791,135
1610,0.7149631282575026,137
1611,0.7106721219907122,141
1612,0.6639409673350417,150
1613,-1.277856563547489,120
1614,-1.130696112568327,61
1615,0.3530834320398467,293
1616,0.7015792650570042,138
1617,0.7100638559021527,136
1618,0.6700763885548577,144
1619,0.7227660926122944,135
1620,0.6992229914339221,138
1621,0.684841571359758,141
1622,0.7307276565346797,131
1623,0.745681443786855,130
1624,0.759763076406121,131
1625,0.7368586988212684,134
1626,0.7458929204148462,131
1627,0.7052349146852901,140
1628,0.7477209519455819,131
1629,0.7433122309564055,132
1630,0.708400034344552,139
1631,0.6842021363610647,137
1632,0.701234340822892,135
1633,0.6896616808280083,144
1634,0.7575549797074276,126
1635,0.7314157084150175,131
1636,0.7240448168156998,135
1637,0.7000930938498096,143
1638,0.747218315343776,131
1639,-1.161526097778654,84
1640,0.684715413499484,149
1641,0.7098081362047316,145
1642,0.7850102076058456,125
1643,0.717954140595582,139
1644,0.7134748871779988,135
1645,0.7618411925655555,134
1646,0.7341659123519317,145
1647,0.7243550168221411,135
1648,0.7066069595950417,140
1649,0.7182626145537128,138
1650,0.742687742380105,134
1651,0.7054302515944186,145
1652,0.7222049498487123,137
1653,0.6777580154877568,143
1654,0.6960245536891256,136
1655,0.7351911012321658,136
1656,0.7011628689427134,140
1657,0.7367841993688005,135
1658,0.7273842439564397,137
1659,0.7274965773875048,131
1660,0.7376500965248933,132
1661,0.7938566827370309,122
1662,0.686913800394942,144
1663,0.7392102512543789,132
1664,0.7702869423166865,127
1665,0.6909629987277064,142
1666,0.7790870133451673,129
1667,0.7001457926666451,146
1668,0.691744843721962,137
1669,0.6894152401407581,144
1670,0.7648530811804206,125
1671,0.7509747103841845,125
1672,0.6405834912560966,155
1673,0.7323255010157452,130
1674,0.7773436180897697,128
1675,0.6988588480454903,144
1676,-1.1489337197176661,81
1677,-1.2915725705358365,143
1678,0.7460665091369326,132
1679,0.7753375569574567,127
1680,0.7425870176920867,133
1681,0.7024030052997157,138
1682,-1.2781368650559741,123
1683,0.7656205148759284,123
1684,0.7728116764616602,128
1685,0.7519204235810604,132
1686,0.7659331804190989,130
1687,0.7212027852783255,138
1688,0.7079369768674082,136
1689,0.7572074438497868,132
1690,0.7235426757689365,137
1691,0.6873469267530117,142
